<?xml version="1.0" encoding="UTF-8"?>
<beans xmlns="http://www.springframework.org/schema/beans"
  xmlns:beans="http://www.springframework.org/schema/beans"
  xmlns:xsi="http://www.w3.org/2001/XMLSchema-instance"
  xmlns:sec="http://cxf.apache.org/configuration/security"
  xmlns:http="http://cxf.apache.org/transports/http/configuration"
  xmlns:httpj="http://cxf.apache.org/transports/http-jetty/configuration"
  xmlns:jaxws="http://java.sun.com/xml/ns/jaxws"
  xsi:schemaLocation="http://cxf.apache.org/configuration/security
  		      http://cxf.apache.org/schemas/configuration/security.xsd
            http://cxf.apache.org/transports/http/configuration
            http://cxf.apache.org/schemas/configuration/http-conf.xsd
            http://cxf.apache.org/transports/http-jetty/configuration
            http://cxf.apache.org/schemas/configuration/http-jetty.xsd
            http://www.springframework.org/schema/beans
            http://www.springframework.org/schema/beans/spring-beans-2.0.xsd">


	<!--<bean id="cxf" class="org.apache.cxf.bus.CXFBusImpl" />-->
	<http:conduit name="*.http-conduit">
           <http:tlsClientParameters disableCNCheck="true"/>
         </http:conduit>
	
	<http:destination
		name="{https://10.10.10.41:8196/}GenericProcessorService.http-destination">
	</http:destination>

	<httpj:engine-factory>
		<httpj:engine port="8196">			
		</httpj:engine>
	</httpj:engine-factory>
</beans>
